,model,r2,explained_variance,neg_mean_squared_error,neg_mean_absolute_error
0,KNeighborsRegressor,0.8984486357998037,0.8971248276744455,-1369724850.2254117,-23134.62384781707
0,GaussianProcessRegressor,0.8780182034688784,0.8833970295735748,-1632196015.545278,-13133.94990820461
0,DecisionTreeRegressor,0.9940046375035501,0.9943963646226994,-96674625.19593248,-3997.1663080917015
0,AdaBoostRegressor,0.8227259090438537,0.8875354071545427,-2334248926.1247416,-41841.30931762909
