,model,r2,explained_variance,neg_mean_squared_error,neg_mean_absolute_error
0,LinearRegression,0.8412522309387189,0.8406923027990096,-2122276594.3470757,-30769.03784945017
0,Ridge,0.8415574042352676,0.8399604857111033,-2126994303.5164464,-30751.69679242092
0,Lasso,0.8407926777837949,0.8407431031826299,-2128542825.1407247,-30777.692318891794
0,ElasticNet,0.7460491855033357,0.7460667147604214,-3395799872.154072,-41788.30252853265
