,model,r2,explained_variance,neg_mean_squared_error,neg_mean_absolute_error
0,SGDRegressor,0.8401200622096757,0.839954681005246,-2172477031.4161673,-31088.63045449395
0,RANSACRegressor,0.7916468568958857,0.7647486133985102,-2679735640.393476,-31848.942340493133
0,SVR,-0.04863282607022157,0.00725472887470704,-14015886151.215729,-88210.0949239541
0,LinearSVR,-2.6908276745132733,0.0010673810550004604,-49336285321.67662,-189686.15075899774
