,model,r2,explained_variance,neg_mean_squared_error,neg_mean_absolute_error
0,GradientBoostingRegressor,0.9945795657129676,0.9948954806654123,-72636920.46002209,-5649.970761508586
0,MLPRegressor,-1.3825091710170763,0.35661483773695807,-31909031917.329803,-153100.74787122285
